{"games_played": 2, "board_states": 213, "mean_difference": -0.11465906271199337, "variance_difference": 0.3674540790808542, "heuristic_values": [0.6, 0.6, 0.6, 0.6, 0.6, 0.6, 0.6, 0.6, 0.6, 0.62, 0.62, 0.62, 0.62, 0.62, 0.64, 0.64, 0.64, 0.64, 0.64, 0.64, 0.66, 0.66, 0.66, 0.66, 0.66, 0.66, 0.66, 0.66, 0.66, 0.66, 0.66, 0.6799999999999999, 0.7, 0.7, 0.7, 0.7, 0.7, 0.7, 0.72, 0.72, 0.72, 0.72, 0.72, 0.72, 0.72, 0.72, 0.72, 0.72, 0.74, 0.72, 0.72, 0.72, 0.74, 0.74, 0.74, 0.74, 0.74, 0.76, 0.76, 0.76, 0.76, 0.76, 0.26, 0.26, 0.052000000000000005, 0.052000000000000005, 0.052000000000000005, 0.052000000000000005, 0.052000000000000005, 0.052000000000000005, 0.04875, 0.04875, 0.04875, 0.04875, 0.045882352941176464, 0.045882352941176464, 0.045882352941176464, 0.043333333333333335, 0.04105263157894737, 0.04421052631578948, 0.04736842105263158, 0.045, 0.045, 0.045, 0.045, 0.045, 0.04285714285714286, 0.04285714285714286, 0.04, 0.04, 0.03818181818181818, 0.036521739130434785, 0.035, 0.032499999999999994, 0.049999999999999996, 0.047499999999999994, 0.045, 0.044, 0.043076923076923075, 0.040769230769230766, 0.038461538461538464, 0.03777777777777777, 0.03714285714285714, 0.03655172413793103, 0.036, 0.6, 0.62, 0.62, 0.62, 0.62, 0.62, 0.62, 0.62, 0.62, 0.62, 0.64, 0.64, 0.64, 0.64, 0.66, 0.66, 0.66, 0.66, 0.66, 0.66, 0.6799999999999999, 0.6799999999999999, 0.6799999999999999, 0.6799999999999999, 0.66875, 0.6799999999999999, 0.6799999999999999, 0.6799999999999999, 0.6799999999999999, 0.6799999999999999, 0.6799999999999999, 0.6799999999999999, 0.6799999999999999, 0.66875, 0.6875, 0.6799999999999999, 0.6799999999999999, 0.6799999999999999, 0.6799999999999999, 0.6799999999999999, 0.6799999999999999, 0.6799999999999999, 0.6799999999999999, 0.6799999999999999, 0.6799999999999999, 0.6799999999999999, 0.6799999999999999, 0.6799999999999999, 0.6799999999999999, 0.6799999999999999, 0.6799999999999999, 0.6799999999999999, 0.6799999999999999, 0.66875, 0.66875, 0.6799999999999999, 0.6799999999999999, 0.6799999999999999, 0.66875, 0.6875, 0.6875, 0.6875, 0.20625, 0.22499999999999998, 0.22499999999999998, 0.22499999999999998, 0.24375, 0.2625, 0.2625, 0.2625, 0.2625, 0.27999999999999997, 0.27999999999999997, 0.27999999999999997, 0.27999999999999997, 0.3, 0.27999999999999997, 0.27999999999999997, 0.27999999999999997, 0.26, 0.24, 0.24, 0.24, 0.24, 0.21999999999999997, 0.21999999999999997, 0.21999999999999997, 0.19999999999999998, 0.27999999999999997, 0.27999999999999997, 0.27999999999999997, 0.26, 0.23999999999999996, 0.23999999999999996, 0.23999999999999996, 0.21999999999999997, 0.19999999999999996, 0.19999999999999996, 0.19999999999999996, 0.19999999999999996, 0.19999999999999996, 0.18, 0.15999999999999998, 0.15999999999999998, 0.15999999999999998, 0.13999999999999999, 0.11999999999999998, 0.09999999999999998], "network_values": [6.787878373870626e-05, 8.749648986849934e-05, 0.00012045813491567969, 0.9999985694885254, 0.9999986886978149, 0.0002226096112281084, 0.00012770059402100742, 0.9999983310699463, 0.9999988079071045, 0.00016908299585338682, 0.00011085298319812864, 0.999998927116394, 0.9999991655349731, 2.1154201022000052e-05, 1.7921918697538786e-05, 1.0120161277882289e-05, 5.714683538826648e-06, 0.9999990463256836, 0.9999991655349731, 1.437965238437755e-06, 3.434419113546028e-06, 0.9999991655349731, 0.9999992847442627, 8.77858326475689e-07, 1.184165626000322e-06, 0.9999995231628418, 0.9999995231628418, 1.30112766782986e-07, 1.4426309746795596e-07, 0.9999995231628418, 0.9999995231628418, 2.577394475622441e-08, 2.7190743878691137e-08, 0.9999996423721313, 0.9999996423721313, 0.9999996423721313, 0.9999996423721313, 4.465739422698789e-08, 7.988816719262104e-08, 0.9999996423721313, 0.9999996423721313, 0.9999996423721313, 0.9999996423721313, 4.565315236959577e-08, 5.0118760697159814e-08, 0.9999994039535522, 0.9999995231628418, 2.0849617143881005e-08, 2.3748057742523088e-08, 0.9999997615814209, 0.9999997615814209, 1.46397969302825e-08, 8.864797784724487e-09, 0.9999998807907104, 0.9999998807907104, 5.084513787778633e-08, 7.274621793840197e-08, 9.474657503005801e-08, 1.1620467432749138e-07, 0.9999996423721313, 0.9999997615814209, 1.5432836164563923e-07, 2.3830736495256133e-07, 0.9999995231628418, 0.9999996423721313, 1.443649466636998e-07, 9.730250383199746e-08, 8.134209394938807e-08, 2.0438402259514987e-07, 0.9999995231628418, 0.9905340671539307, 3.620221491473785e-07, 2.2796075427322648e-07, 0.9905340671539307, 0.9905340671539307, 1.0019108458436676e-06, 4.6579347667830007e-07, 0.9905340671539307, 0.9905340671539307, 9.225178700944525e-07, 1.3784220982415718e-06, 0.9905340671539307, 0.9905340671539307, 1.1166302726905997e-07, 3.349919808215418e-08, 0.9905340671539307, 0.9905340671539307, 7.915735622532338e-09, 0.9905340671539307, 0.9905340671539307, 0.9905340671539307, 0.9905340671539307, 0.9905340671539307, 0.9905340671539307, 0.9905340671539307, 0.9905340671539307, 0.9905340671539307, 0.9905340671539307, 0.9905340671539307, 0.9905340671539307, 0.9905340671539307, 0.9905340671539307, 0.9905340671539307, 0.9905340671539307, 0.9905340671539307, 6.787878373870626e-05, 8.762574725551531e-05, 0.00012063467875123024, 0.9999980926513672, 0.9999985694885254, 1.159417752205627e-05, 4.885720500169555e-06, 0.9999991655349731, 0.9999991655349731, 1.3039292525718338e-06, 1.8017138927461929e-06, 0.9999992847442627, 0.9999992847442627, 3.144367042295926e-07, 5.313686983754451e-07, 0.9999994039535522, 0.9999994039535522, 0.9999994039535522, 0.9999994039535522, 1.4074610987790948e-07, 1.2643765501252346e-07, 0.9999994039535522, 0.9999995231628418, 1.0911672632119007e-07, 1.3356006434150913e-07, 0.9999992847442627, 0.9999991655349731, 4.16867678154631e-08, 3.913944013334003e-08, 0.9999992847442627, 0.9999992847442627, 0.9999992847442627, 0.9999992847442627, 2.5002794501460812e-08, 7.327930973133334e-08, 0.9999991655349731, 0.9999994039535522, 1.4024815975233196e-08, 9.452812754773277e-09, 1.2316852426863534e-08, 1.6047666306917563e-08, 0.9999994039535522, 0.9999994039535522, 0.9999992847442627, 0.9999991655349731, 2.5404290227015736e-07, 1.0526082405704074e-06, 0.9999996423721313, 0.9999996423721313, 1.500492544437293e-06, 6.298975563368003e-07, 0.9999997615814209, 0.9999997615814209, 8.42812255541503e-07, 1.0336557352275122e-06, 0.9999995231628418, 0.9999996423721313, 5.647787020279793e-07, 2.1508343195364432e-07, 2.9777086751892057e-07, 1.2336693089309847e-06, 6.942948402866023e-07, 2.484910282873898e-06, 1.5090915894688806e-06, 1.8484973907106905e-06, 6.365086164805689e-07, 1.1386053984097089e-06, 1.9187630186934257e-06, 1.1094202818640042e-06, 1.359735733785783e-06, 6.326065431494499e-07, 0.9999996423721313, 0.9999996423721313, 3.234010819141986e-07, 3.9663396478317736e-07, 5.165588277122879e-07, 0.9905340671539307, 0.9999995231628418, 0.9999996423721313, 0.9905340671539307, 0.9905340671539307, 0.9999997615814209, 0.9999996423721313, 0.9905340671539307, 0.9905340671539307, 0.9999997615814209, 0.9999998807907104, 0.9905340671539307, 0.9905340671539307, 0.9999998807907104, 0.9999998807907104, 0.9905340671539307, 0.9905340671539307, 0.9999997615814209, 0.9999998807907104, 0.9905340671539307, 0.9905340671539307, 0.9999830722808838, 0.9999954700469971, 0.9994164705276489, 0.9999997615814209, 0.9905340671539307, 1.0, 1.7334292361031821e-16, 7.440013503282744e-14, 1.0, 1.0, 1.0],