{"games_played": 2, "board_states": 282, "mean_difference": -0.4103034208060094, "variance_difference": 0.1545690590245336, "heuristic_values": [0.6, 0.6, 0.62, 0.6, 0.58, 0.58, 0.58, 0.58, 0.58, 0.58, 0.575, 0.575, 0.56, 0.56, 0.56, 0.56, 0.56, 0.56, 0.56, 0.56, 0.56, 0.56, 0.56, 0.56, 0.55625, 0.56, 0.56, 0.56, 0.56, 0.56, 0.56, 0.56, 0.56, 0.56, 0.56, 0.56, 0.56, 0.56, 0.56, 0.56, 0.56, 0.56, 0.56, 0.56, 0.56, 0.58, 0.6, 0.6, 0.6, 0.59375, 0.59375, 0.58, 0.58, 0.58, 0.58, 0.58, 0.58, 0.58, 0.6, 0.6, 0.62, 0.62, 0.62, 0.62, 0.62, 0.62, 0.62, 0.62, 0.62, 0.62, 0.62, 0.62, 0.62, 0.62, 0.62, 0.62, 0.62, 0.62, 0.64, 0.64, 0.64, 0.66, 0.66, 0.66, 0.66, 0.66, 0.66, 0.66, 0.66, 0.66, 0.66, 0.66, 0.6799999999999999, 0.6799999999999999, 0.6799999999999999, 0.6799999999999999, 0.6799999999999999, 0.6799999999999999, 0.6799999999999999, 0.66875, 0.66875, 0.66, 0.66, 0.66, 0.66, 0.66, 0.66, 0.66, 0.66875, 0.66, 0.66, 0.66, 0.66, 0.66, 0.66, 0.66, 0.66, 0.66, 0.66, 0.66, 0.66, 0.132, 0.13, 0.12823529411764706, 0.12823529411764706, 0.12823529411764706, 0.12823529411764706, 0.12666666666666668, 0.13, 0.13, 0.12842105263157896, 0.127, 0.04571428571428571, 0.04454545454545455, 0.024545454545454547, 0.024545454545454547, 0.02347826086956522, 0.0225, 0.0225, 0.0225, 0.0225, 0.0225, 0.0216, 0.02076923076923077, 0.02076923076923077, 0.023076923076923078, 0.022222222222222223, 0.02142857142857143, 0.02142857142857143, 0.023571428571428573, 0.022758620689655173, 0.022, 0.6, 0.6, 0.62, 0.62, 0.62, 0.62, 0.62, 0.62, 0.12, 0.12, 0.12, 0.12, 0.12, 0.12, 0.12, 0.12, 0.12, 0.12, 0.13999999999999999, 0.13999999999999999, 0.13999999999999999, 0.13999999999999999, 0.16, 0.16, 0.66, 0.66, 0.66, 1.0, 1.0, 0.6799999999999999, 0.6799999999999999, 0.6799999999999999, 0.66875, 0.6799999999999999, 0.6799999999999999, 0.19999999999999998, 0.1875, 0.19999999999999998, 0.19999999999999998, 0.21999999999999997, 0.21999999999999997, 0.21999999999999997, 0.21999999999999997, 0.21999999999999997, 0.24, 0.24, 0.24, 0.26, 0.26, 0.26, 0.26, 0.26, 0.76, 0.76, 0.76, 0.76, 0.76, 0.76, 0.76, 0.76, 0.76, 0.76, 0.76, 0.76, 0.76, 0.76, 0.78, 0.78, 0.78, 0.78, 0.78, 0.78, 0.78, 0.07625, 0.07625, 0.78, 0.36, 0.36, 0.36, 0.76, 0.76, 0.76, 0.76, 0.76, 0.072, 0.06875, 0.06588235294117646, 0.06588235294117646, 0.06588235294117646, 0.06941176470588235, 0.7625, 0.7625, 0.7625, 0.7625, 0.7625, 0.78125, 0.7625, 0.74375, 0.74375, 0.34375, 0.32499999999999996, 0.32499999999999996, 0.32499999999999996, 0.32499999999999996, 0.32499999999999996, 0.30624999999999997, 0.30624999999999997, 0.06125, 0.057499999999999996, 0.05374999999999999, 0.051764705882352935, 0.049999999999999996, 0.04666666666666666, 0.04666666666666666, 0.04526315789473684, 0.04526315789473684, 0.042105263157894736, 0.038947368421052626, 0.038, 0.03714285714285714, 0.03428571428571428, 0.031428571428571424, 0.030909090909090903, 0.03043478260869565, 0.027826086956521737, 0.02521739130434782, 0.024999999999999994, 0.024799999999999996, 0.022399999999999996, 0.019999999999999997], "network_values": [1.0, 1.0, 1.0, 0.010892752557992935, 0.040393318980932236, 0.08621703088283539, 0.09590817242860794, 1.0, 0.09288269281387329, 0.23808538913726807, 1.0, 1.0, 0.0364668145775795, 0.23832298815250397, 1.0, 0.3983277976512909, 0.4847693145275116, 1.0, 1.0, 0.4579736888408661, 0.4607298672199249, 0.4634968936443329, 0.46629589796066284, 1.0, 1.0, 0.8074046969413757, 0.8572005033493042, 1.0, 1.0, 0.9513583779335022, 0.9571940302848816, 0.9583941102027893, 0.9776477813720703, 1.0, 1.0, 0.9776477813720703, 0.9776477813720703, 0.9776477813720703, 0.9776477813720703, 1.0, 1.0, 0.9776477813720703, 0.9776477813720703, 0.9776477813720703, 0.9776477813720703, 1.0, 1.0, 0.9776477813720703, 0.9776477813720703, 1.0, 1.0, 0.9776477813720703, 0.9776477813720703, 1.0, 1.0, 0.9776477813720703, 0.9776477813720703, 1.0, 1.0, 1.0, 1.0, 0.9417293071746826, 0.9755118489265442, 1.0, 1.0, 0.9776477813720703, 0.9776477813720703, 0.9776477813720703, 0.9776477813720703, 1.0, 1.0, 0.9763135313987732, 0.9776477813720703, 1.0, 1.0, 0.9776477813720703, 0.9776477813720703, 1.0, 1.0, 0.9544893503189087, 0.9762430787086487, 1.0, 1.0, 0.9483602643013, 0.9776477813720703, 1.0, 1.0, 0.9776477813720703, 0.970398485660553, 1.0, 1.0, 1.0, 1.0, 0.3226933181285858, 0.5208166837692261, 1.0, 1.0, 0.216528981924057, 0.45619919896125793, 1.0, 1.0, 0.050682876259088516, 0.10935018956661224, 1.0, 1.0, 0.20986537635326385, 0.21065638959407806, 1.0, 1.0, 0.36477911472320557, 0.3279257118701935, 0.2069377303123474, 0.4433175027370453, 1.0, 0.5130308866500854, 0.3307700753211975, 0.6103722453117371, 0.5079310536384583, 1.0, 1.0, 0.4649331271648407, 0.5867938995361328, 0.9776477813720703, 0.9776477813720703, 1.0, 1.0, 0.9776477813720703, 0.9776477813720703, 1.0, 1.0, 0.9776477813720703, 0.9776477813720703, 0.9776477813720703, 0.9776477813720703, 1.0, 1.0, 0.9776477813720703, 1.0, 3.7523617256155606e-27, 5.1516818475969914e-17, 1.2202302536457044e-11, 0.0015223694499582052, 1.0, 1.0, 0.0, 0.0, 1.0, 1.0, 0.0, 0.0, 1.0, 1.0, 1.0, 1.0, 1.0, 0.0415242500603199, 0.07260607182979584, 0.1492975801229477, 0.282362163066864, 1.0, 1.0, 1.0, 1.0, 0.3257186710834503, 0.5244591236114502, 1.0, 1.0, 0.6709221005439758, 0.8286375403404236, 1.0, 1.0, 0.8902484178543091, 0.9585667252540588, 1.0, 1.0, 0.8734397292137146, 0.9090941548347473, 0.9354512691497803, 0.9545446634292603, 1.0, 1.0, 0.9776477813720703, 0.9776477813720703, 1.0, 1.0, 0.9762709140777588, 0.9776477813720703, 1.0, 1.0, 0.9603351354598999, 0.9776477813720703, 1.0, 1.0, 0.9776477813720703, 0.9776477813720703, 1.0, 1.0, 0.9776477813720703, 0.9776477813720703, 1.0, 1.0, 0.9776477813720703, 0.9776477813720703, 1.0, 1.0, 0.9776477813720703, 0.9776477813720703, 0.9775983095169067, 0.9776477813720703, 1.0, 1.0, 0.9776477813720703, 0.9776477813720703, 1.0, 1.0, 0.9776477813720703, 0.9776477813720703, 1.0, 1.0, 0.9776477813720703, 0.9776477813720703, 1.0, 1.0, 0.9776477813720703, 0.9776477813720703, 1.0, 1.0, 0.9612864851951599, 0.9776477813720703, 0.9776477813720703, 0.9725998044013977, 1.0, 0.8314386010169983, 0.9620556831359863, 0.9999998807907104, 1.0, 0.9702641367912292, 0.9776477813720703, 1.0, 1.0, 1.0, 1.0, 0.9776477813720703, 0.9776477813720703, 0.9776477813720703, 0.9776477813720703, 1.0, 1.0, 0.9776477813720703, 0.9776477813720703, 0.9776477813720703, 0.9776477813720703, 0.9776477813720703, 0.9776477813720703, 0.9776477813720703, 0.9776477813720703, 0.9776477813720703, 0.9776477813720703, 0.9776477813720703, 0.9776477813720703, 0.9776477813720703, 0.9776477813720703, 0.9776477813720703, 0.9776477813720703, 0.9776477813720703, 0.9776477813720703, 0.9776477813720703, 0.9776477813720703, 0.9776477813720703, 0.9776477813720703, 0.9776477813720703, 0.9776477813720703, 0.9776477813720703, 0.9776477813720703, 0.9776477813720703, 0.9776477813720703, 0.9776477813720703, 0.9776477813720703, 0.9776477813720703, 0.9776477813720703, 0.9776477813720703, 0.9776477813720703],